Twitter Profile,Name,Description,Website,Price ETH,Twitter User Created,Twitter User Description,Twitter User Favourites Count,Twitter User Followers Count,Twitter User Friends Count,Twitter User Listed Count,Twitter User Statuses Count,Twitter User Media Count,Twitter User Location,Twitter User Profile Banner Url,Twitter User Profile Image Url
Salamanders_NFT,Slim Salamander Squad,Salamander avatar NFTs with comic utility,www.slimsalamandersquad.com,0.06,2021-08-21 13:58:10+00:00,"‚Ä¢10,000 cute, but not 2 cute, Slim Salamanders
‚Ä¢ PvP P2E game
‚Ä¢ETH's first community choose your own adventure comic
‚Ä¢ Discord: discord.gg/9mbnZNFaHm",297.0,11093.0,122.0,4.0,224.0,140.0,0.06 ¬†Œû | 09/11 - 13/11,https://pbs.twimg.com/profile_banners/1429080343634759695/1633681224,https://pbs.twimg.com/profile_images/1447307635720601603/FRCq7nV8_normal.jpg
cryptoon_goonz,Cryptoon Goonz,Goon themed NFTs,www.cryptoongoonz.com,0.07,2019-12-31 12:36:17+00:00,Quality NFTs for quality people. Just dope artwork you can buy and trade. Or not. Whatever it's your life,241.0,1681.0,992.0,1.0,132.0,86.0,Planet Of Cryptoon,https://pbs.twimg.com/profile_banners/1211989406959034369/1635688729,https://pbs.twimg.com/profile_images/1456232214551834625/fUPqKBlp_normal.jpg
Aqomiart,YELLOW SERIES - The Animal Kingdom Collection by AQOMI,Animal Kingdom themed NFTs,aqomi.com,0.015,2021-05-27 18:45:40+00:00,YELLOW SERIES - NOV. 10 @ 3:33pm EST | aqomi.com    discord.gg/4kWBse3sMH  #TAKC #nftartist #nftcollector,8389.0,3117.0,1929.0,10.0,4684.0,331.0,The Kingdom,https://pbs.twimg.com/profile_banners/1397987318875701248/1629327422,https://pbs.twimg.com/profile_images/1458543898037563402/cjTgd997_normal.jpg
pugs_crypto,CryptoPugs,Generative CryptoPug NFT Collection,cryptopugs.io,0.065,2021-09-02 01:29:19+00:00,"3,500 CryptoPugs will be released soon - Website: Cryptopugs.io Stay tuned for Pre Launch announcement!",11.0,9463.0,201.0,3.0,44.0,28.0,Pugan Earth ERC-721 üåè,https://pbs.twimg.com/profile_banners/1433240527369998336/1635073288,https://pbs.twimg.com/profile_images/1447077002901536768/0ZNKv5E5_normal.jpg
CypherHumans,CypherHumans,3D cypher themed NFTs with game tie-in,cypherhumans.xyz,0.088,2021-09-17 15:28:42+00:00,"8,888 CypherHumans playable in the CypherVerse cypherhumans.xyz | 3D Play-To-Earn GameüëΩ | Discord üëáüëá | PUBLIC MINT NOVEMBER 12üìÖ",490.0,7497.0,379.0,16.0,288.0,62.0,,https://pbs.twimg.com/profile_banners/1438887532087947269/1634804090,https://pbs.twimg.com/profile_images/1453960730986762242/hY06ehg9_normal.jpg
NonChimpz,Non-Chimpz World,3D non-chimpz themed avatar NFTs,nonchimpz.com,0.0555,2021-09-30 21:01:42+00:00,"Join us as one of the 17 777 chimps that transcend their deplorable origins, and prove your excellence in an all-new fantasy game. discord.gg/sawNeB4vBK",188.0,14044.0,131.0,6.0,60.0,26.0,,https://pbs.twimg.com/profile_banners/1443682277326741504/1633891138,https://pbs.twimg.com/profile_images/1447449840871424000/W0Ndg24H_normal.jpg
Voodollz_,Voodollz,A unique doll themed community driven NFT collection,voodollz.club,0.07,2021-10-10 22:02:56+00:00,The first ever community run NFT project. Bringing infinite utility and high level 3D art together. discord.gg/5w8zEXgC8t ü™°ü§ç,28.0,6908.0,9.0,1.0,46.0,14.0,,https://pbs.twimg.com/profile_banners/1447321731178303491/1634137113,https://pbs.twimg.com/profile_images/1448302137973387266/GFqXIZ73_normal.jpg
DorkyDucks,Dorky Ducks,Artistic Duck themed NFTs,dorkyducks.com,0.055,2021-09-19 00:25:49+00:00,"DorkyDucks is 3,333 randomly generated and unique pieces of art living on the Ethereum blockchain. #nft #nftcollector",163.0,863.0,981.0,1.0,104.0,14.0,Metaverse,https://pbs.twimg.com/profile_banners/1439385159686496257/1633977120,https://pbs.twimg.com/profile_images/1446629043428679681/omn4ioA1_normal.jpg
KITTI_NFTs,Ninja KITTI,Ninja themed NFTs with plans for gamification and P2E,ninjakitti.com,0.05,2021-09-20 10:45:24+00:00,"The Ninja KITTI NFT game is set in a post WW3 dystopian world, These genetically gifted warriors fight to survive against the corps. that enslaved humanity",31.0,2201.0,189.0,0.0,1358.0,67.0,2089,https://pbs.twimg.com/profile_banners/1439903461336883200/1632140793,https://pbs.twimg.com/profile_images/1446244062428868611/ayrLx957_normal.jpg
ChibiLabs,Chibi Galaxy,3D interstellar themed chibi character NFTs,chibilabs.io,0.06,2018-08-24 11:25:50+00:00,Home to futuristic 3D characters | Chibi Galaxy drops 11/11 | Register for public sale raffle: register.chibilabs.io | Join us: discord.gg/ChibiLabs,2504.0,20681.0,687.0,48.0,1696.0,352.0,Chibi Nation,https://pbs.twimg.com/profile_banners/1032952115134717952/1635817023,https://pbs.twimg.com/profile_images/1455215543053688842/Jd_paTP4_normal.jpg
AmIAPandaNFT,PANDA?,Panda avatar NFTs,amiapanda.com,0.08,2021-09-09 16:14:32+00:00,"PANDA? - HODL and Make Money. Simple. 

Batch 1: 1,000 NFTs
Price: 0.06 ETH
Presale: 10/11/2021
Public sale: 11/11/2021

Discord: discord.gg/dCmMQ9VUnr",55.0,1140.0,7.0,0.0,125.0,18.0,Ethereum Blockchain ,https://pbs.twimg.com/profile_banners/1436000038019387395/1633606336,https://pbs.twimg.com/profile_images/1446073757043396610/25Bn_Rqc_normal.jpg
2088humans,2088:HUMANS,Humans with mutated abilities NTFs,humans2088.com,0.055,2021-09-07 06:50:01+00:00,"8,888 HMNS from a war torn society üî• #NFT on ethereum with over 500 traits. Minting now! üöÄ Link below",4592.0,1226.0,265.0,3.0,1123.0,260.0,,https://pbs.twimg.com/profile_banners/1435133190197288961/1631500430,https://pbs.twimg.com/profile_images/1458117932349681664/wu0gpBL9_normal.jpg
ww.tyronelayne.com/humandatabase.html,Tyrone Layne's Human Database,Oil paint themed human avatar NFTs,0.02 - 0.035 ETH,0.0,,,,,,,,,,,
AbucryptoNFT,Abu Crypto,Traditional Arab family NFTs,www.abucrypto.io,0.0,2021-09-17 10:59:53+00:00,Unique and exciting collection of 4400 authentic 8 bit digital artwork representing 8 members of a traditional Arab family. Launch üöÄ Sat 13th Nov üåô,596.0,4363.0,399.0,1.0,223.0,63.0,United Arab Emirates,https://pbs.twimg.com/profile_banners/1438819931286609920/1633004350,https://pbs.twimg.com/profile_images/1449695302898827269/rnKhzAHR_normal.jpg
peopleeum,Peopleeum,Avatars with Ethereum elements,peopleeum.com,0.1,2021-07-06 18:07:25+00:00,"The Gods Of Ethereum, Peopleeum

First Whitelist sale  10 Nov 3PM UTC

Discord: discord.gg/5pFxUFXBwh",2237.0,1658.0,260.0,4.0,180.0,38.0,,https://pbs.twimg.com/profile_banners/1412473199888117765/1631088897,https://pbs.twimg.com/profile_images/1443907925756555272/UJSrRk1O_normal.jpg
EliteForcesNFT,Elite Forces,Soldier themed NFTs providing access to an Warzone game tournament,eliteforcesnft.com,0.05,2021-09-03 21:56:41+00:00,"10,000 unique soldiers ready for battle 
Discord: discord.gg/eliteforces
Opensea: (coming soon!)",128.0,7144.0,171.0,0.0,66.0,14.0,nuketown,https://pbs.twimg.com/profile_banners/1433911792938491904/1635882996,https://pbs.twimg.com/profile_images/1458196673255985156/Nic5wmhH_normal.jpg
MiniMechaNFT,MiniMecha,Anime mech themed NFTs on Solana,www.minimecha.io,0.0,2021-09-30 17:42:04+00:00,"üî• 10,000 unique anime Mechs living on #Solana üî•
üìÖ Mint: 11th Nov 17:00 UTC
üëæ discord.gg/MiniMechaNFT
Medium: medium.com/@MiniMechaNFT
Website: minimecha.io",174.0,5870.0,12.0,3.0,157.0,79.0,Solana Mechaverse,https://pbs.twimg.com/profile_banners/1443632054709600256/1635516459,https://pbs.twimg.com/profile_images/1445399445303083015/LHt6uYiy_normal.jpg
BloodMoonNFT,Blood Moon,Werewolf themed avatar NFTs,www.bloodmoon.club,0.07,2021-10-12 12:30:26+00:00,"10,310 Ominous NFTs. 11/11 pre sale. 11/13 public sale. discord.gg/BloodMoonNFT",477.0,10365.0,1494.0,3.0,833.0,770.0,,https://pbs.twimg.com/profile_banners/1447902107026219014/1635426305,https://pbs.twimg.com/profile_images/1453712620138033158/BhSJfxYB_normal.jpg
UltraRareUK,Leatherfaces,Leatherface themed avatar NFTs,leatherfaces.io,0.0666,2020-10-11 12:24:31+00:00,The first officially licensed #PFP #NFTs to hit eth @ChainsawTX // Join: discord.gg/ultrarare,11520.0,31225.0,228.0,69.0,1844.0,503.0,The Metaverse,https://pbs.twimg.com/profile_banners/1315266915242307584/1636477873,https://pbs.twimg.com/profile_images/1453660630095994887/Oc78L_WP_normal.jpg
mutantpunks,MUTANT PUNK CITY,Mutant Punk themed NFTs,mutantpunkscity.com,0.08,2021-08-15 01:21:16+00:00,"The First #NFT collection of 11111 unique MUTANT PUNKS!
MINT DATE: 11.11.2021  16:00 UTC   106 000 in DC
discord.gg/U4jsG4fArD #mutantpunks #MutantPunksCity",90.0,25828.0,7.0,6.0,53.0,25.0,Mutant City,https://pbs.twimg.com/profile_banners/1426715576991469571/1633190711,https://pbs.twimg.com/profile_images/1442925235779489793/fo8GcIC9_normal.jpg
SplattersBR,Splatters,Pixel brawler themed avatar NFTs,splatterbattleroyale.com,0.03,2021-08-23 17:20:07+00:00,"Splatters NFT's 

Your üéü to an intense 2D Pixel Party Brawler.


discord.gg/splattersbr
splatterbattleroyale.com
opensea.io/collection/spl‚Ä¶",925.0,1198.0,87.0,3.0,441.0,181.0,IN BATTLE,https://pbs.twimg.com/profile_banners/1429855871119540226/1631131091,https://pbs.twimg.com/profile_images/1435694177799614476/JYY6Ictb_normal.png
FishTank_NFT,Fishtank NFT,Fish avatar NFTs,fish-tank.io,0.06,2021-10-06 14:58:38+00:00,"Hand drawn & computer generated unique 1111 Fishes #NFT!
üí´25% Donation to different Save the Ocean Charitysüí´
linktr.ee/FISHTANK.NFT",87.0,266.0,76.0,2.0,66.0,50.0,Metalake,https://pbs.twimg.com/profile_banners/1445765420737126400/1633532605,https://pbs.twimg.com/profile_images/1445766532911435790/1EnJ2oCc_normal.jpg
chonksocietyNFT,Chonk Society,Animal pet themed NFTs,chonksociety.com,0.04,2021-10-02 03:10:26+00:00,"1,500 CHONKS LAUNCHING on 11/11 üî• 
A women-led project on a mission to donate $1,000,000 to pet rescues around the world üåé 
üìç chonksociety.com",1078.0,417.0,118.0,3.0,283.0,125.0,Join us on Discord üëâ,https://pbs.twimg.com/profile_banners/1444137546728951818/1633746609,https://pbs.twimg.com/profile_images/1457756777873772544/oetmon3u_normal.jpg
kumoxworld,Kumo X World,"An interactive, community focused NFT project with an adventure RPG",kumoxworld.com,0.06,2021-08-16 12:19:20+00:00,Welcome to Kumo's World where you can be at home with your inner child! PUBLIC Drop date - 12th November 11:11:11 GMT+0000 ! discord.gg/kumoxworld,1933.0,1215.0,13.0,5.0,906.0,207.0,Kumo‚Äôs World,https://pbs.twimg.com/profile_banners/1427243513280933889/1635036735,https://pbs.twimg.com/profile_images/1427249260555296768/mhU1tFRL_normal.jpg
Uniquehorns_nft,The Rocking Uniquehorns,Unicorn NFTs rocking on the Ethereum blockchain,rockinguniquehorns.com,0.0666,2021-08-30 05:46:07+00:00,"9,990 Audiovisual NFTs rocking on the blockchain. Musicians and TRUe fans. It's all about community.ü§ò Join us: discord.gg/rockinguniqueh‚Ä¶",2266.0,1873.0,709.0,12.0,1036.0,320.0,"The Bandroom (26, -118)",https://pbs.twimg.com/profile_banners/1432217938573111299/1633047807,https://pbs.twimg.com/profile_images/1440762010644320260/jEK9mAr2_normal.jpg
metaboom_nft,MetaBoom by Fansi,80s' boombox themed NFTs,metaboom.fansi.me,0.05,2021-09-22 03:10:12+00:00,"Carry your favorite music NFTs on your PFP's shoulders. 
Music ecosystem designed for web3.0, founded by 2 #MAYC
Discord: discord.gg/UyVtcD459a",1057.0,6773.0,884.0,10.0,718.0,255.0,Metaverse,https://pbs.twimg.com/profile_banners/1440513519653322762/1633426012,https://pbs.twimg.com/profile_images/1455946327305879552/ie6QWKzW_normal.jpg
fight_doge,Doge Fight Club,Boxing themed dog avatar NFTs,www.dogefightclub.com,0.08,2021-08-19 01:07:44+00:00,"6,200 Doges are fighting for victory in the Metaverse. ü•ä
DFC holders will vote on the Community DAO and earn $ KRP. üê∂
Whitelist: forms.gle/XMTQ3",1234.0,2497.0,328.0,2.0,1405.0,108.0,0.08Œû | Coming Nov 14 2021,https://pbs.twimg.com/profile_banners/1428161479476383745/1630451509,https://pbs.twimg.com/profile_images/1428162277535014912/M1mryyxb_normal.jpg
thedragonverse,DragonVerse,Dragon NFTs with game tie-in,www.dragonverse.io,0.08,2021-09-30 08:05:03+00:00,DragonVerse is a PVP desktop and mobile game using NFTs üê≤ First generation of 9'999 Dragons will fight for gold soon üèÜ Join us: discord.gg/wKR3fn6yy3,15.0,11046.0,8.0,3.0,29.0,15.0,DragonVerse,https://pbs.twimg.com/profile_banners/1443486790959124482/1634854136,https://pbs.twimg.com/profile_images/1455454060031717377/wsPp-1rc_normal.jpg
Moondusa,Moondusa,Medusa themed avatar NFTs,moondusa.io,0.07,2010-04-22 06:50:55+00:00,"You can find üëÄ Moondusa floating through outer space iced out and dripping in designer, preferably Versaceüí∞",3010.0,16599.0,1653.0,4.0,211.0,49.0,"Miami, FL",https://pbs.twimg.com/profile_banners/135782202/1636453061,https://pbs.twimg.com/profile_images/1452088467698163716/yLIfcmK9_normal.jpg
FruitOnSpace,Fruitos,3D humanoid fruit in-game character NFTs,thefruitos.com,0.049,2021-08-31 06:36:06+00:00,"Welcome to Fruitos, the character NFT based fruit game.
(Total Supply: 6789) #ETH #NFT
 üéâPresale: 12th Nov, Public: 14th Novüéâ 
Discord: discord.gg/fruitos",59.0,16480.0,260.0,9.0,129.0,72.0,Space,https://pbs.twimg.com/profile_banners/1432592991802347520/1631146932,https://pbs.twimg.com/profile_images/1435035284945743881/HlNMnUND_normal.jpg
Sweetyarddog,Sweetyard Dogs,Dog themed NFTs on Ethereum,sweetyard.dog,0.05,2021-09-08 07:05:31+00:00,Welcome to SWEETYARD. Here are 10K unique Sweetyard Dogs #NFT discovered deep within the Dogeverse. Discord: discord.gg/E7rWkzrRab,6148.0,3703.0,2965.0,2.0,2085.0,106.0,sweetyard ,https://pbs.twimg.com/profile_banners/1435499473908617225/1635326227,https://pbs.twimg.com/profile_images/1453289485358313486/byXrzkOs_normal.jpg
AngelsOasisNFT,Angels Oasis,Angel themed avatar NFTs,angelsoasis.io,0.05,2021-10-08 10:57:07+00:00,"8,888 Diverse, Unique & Beautiful winged women living in the NFT world! üöÄ Launch: Nov 13th üöÄ Founder: @AngelMelly   Join Us: discord.gg/EebKGjany3",2649.0,16983.0,199.0,4.0,198.0,46.0,Metaverse,https://pbs.twimg.com/profile_banners/1446429103989477380/1635388607,https://pbs.twimg.com/profile_images/1457724364619538432/F35O_22B_normal.jpg
tastytoastys,Tasty Toastys,Toast themed NFTs,www.tastytoastys.io,0.038,2021-08-27 17:18:11+00:00,"Serving you the world's first collection of 7,600 randomly generated Non-Fungible Toasts, by @chanelcoco ü•™ || discord.gg/tastytoastys || Launch - 13 Nov",596.0,2010.0,1084.0,4.0,364.0,129.0,The Ethereum Breadchain,https://pbs.twimg.com/profile_banners/1431304969366343683/1631107867,https://pbs.twimg.com/profile_images/1434742731272720388/I8vygiO4_normal.jpg
ThePangaensNFT,The Pangaens NFT,Pangaea continent themed avatar NFTs,www.thepangaensnft.com,0.05,2021-09-19 11:03:05+00:00,"The Pangaens Trilogy üí•3 Chapters,1 Mythical Legend üí•8888 NFTs üí•All Women Team (doxxed) üí•5% to social causes",7739.0,7154.0,347.0,9.0,1236.0,146.0,Singapore,https://pbs.twimg.com/profile_banners/1439545481898561541/1633962211,https://pbs.twimg.com/profile_images/1452262752261705733/YKT39pxu_normal.jpg
MetalHeadsNFT,MetalHeads,Unique metal head themed NFTs,metalheadsnft.com,0.1,2021-09-23 04:23:01+00:00,Metal is better than flesh. 4888 unique MetalHeads await you at Eternal City.  discord.gg/MetalHeads | opensea.io/collection/met‚Ä¶,152.0,4065.0,6.0,9.0,120.0,66.0,Eternal City,https://pbs.twimg.com/profile_banners/1440894311403384835/1633699145,https://pbs.twimg.com/profile_images/1446465164128120835/6ufbELqw_normal.jpg
GemstonesNFT,Gemstones,Gemstone themed NFTs,gemstonesnft.art,0.0,2021-09-30 19:36:29+00:00,"4,500 AI generated Gemstones 
Collect 5 to join the Blue Diamond Club üíé 
üí¨ discord.gg/d3Hxf7TapP
#Solana #SolanaNFT",625.0,1827.0,1575.0,1.0,277.0,129.0,Solana,https://pbs.twimg.com/profile_banners/1443659624209686528/1635645894,https://pbs.twimg.com/profile_images/1446260979285778433/C8I0fuCJ_normal.jpg
CUBOTZ_NFT,CUBOTZ NFT,Generative bot themed PFPs with plans for gaming and metaverse expansions,www.cubotz.io,0.05,2021-09-02 19:02:32+00:00,"‚ö°Ô∏è 9,999 unique CUBOTZ NFTs! ‚ö°Ô∏èUpcoming Sandbox game‚ö°Ô∏èJoin the Discord! üî• PRE-SALE SOLD OUT! ‚ö°Ô∏èMAIN SALE: NOV 13 ‚ö°Ô∏è Official links linktr.ee/cubotz",1763.0,2554.0,1346.0,2.0,374.0,172.0,@METAVERSE,https://pbs.twimg.com/profile_banners/1433505587078311942/1635695922,https://pbs.twimg.com/profile_images/1446945435629887491/UA_Gbvrb_normal.jpg
Digi_metaverse,DigiAvatar for DigiNation,Digital avatar NFTs,digiavatar.digination.io,0.08,2021-09-03 03:50:35+00:00,"Web3 #Metaverse featuring #NFT-based innovation | Discord for Whitelisting: discord.gg/jVEgfkb5Fm

Public Mint begins Nov 15! üíé

#GameFi #NFTGame #DigiNation",124.0,20964.0,304.0,2.0,170.0,65.0,Metaverse,https://pbs.twimg.com/profile_banners/1433638298887491601/1636261364,https://pbs.twimg.com/profile_images/1448977356891181056/0agutYSb_normal.jpg
PigeonzNFT,Notorious Pigeonz,Pigeon themed NFTs,notorious.pigeonz.io,0.06,2021-09-18 05:18:32+00:00,Notorious Pigeonz is an #NFT on the Ethereum blockchain. Discord - discord.gg/6sffc88MYg  #MetaVerse -TheRize888 (Team Member),253.0,5595.0,168.0,5.0,224.0,108.0,PigEden and Sky Rat City,https://pbs.twimg.com/profile_banners/1439096398318764035/1634788904,https://pbs.twimg.com/profile_images/1452921707228905473/hPAZdMYv_normal.jpg
shibaverse33,Shibaverse,Shiba Inu pixel art NFT collection on Ethereum,shibaverse.party,0.069,2021-10-24 11:42:29+00:00,"3333 Shiba Inus
DoggyDAO | Treasury | Staking | Token 
shibaverse.party
discord.gg/shibaverse",6684.0,1182.0,1.0,1.0,35.0,10.0,shibaverse.party,https://pbs.twimg.com/profile_banners/1452239023951470602/1635762744,https://pbs.twimg.com/profile_images/1452241595407941636/y1b8x2MU_normal.jpg
TropicalOtters,Tropical Otters,Otter avatar NFTs,tropicalotters.io,0.05,2021-10-23 15:23:56+00:00,"Tropical Otters ü¶¶ is a collection of 5,000 randomly generated NFTs

Affiliated with @TropiTurtles

Discord: discord.gg/tropicalfriends",15.0,3813.0,24.0,3.0,15.0,7.0,NOVEMBER 14th - 2 PM EST,https://pbs.twimg.com/profile_banners/1451932359171977216/1635085274,https://pbs.twimg.com/profile_images/1451934676055171072/lVBiY0IA_normal.jpg
Lazybonesnft,LazyBones SpaceTrip,Exploring the universe themed sloth NFTs,www.lazybonesnft.io,0.04,2021-04-22 18:10:58+00:00,"üöÄ 10,000 LazyBones are exploring the mysteries of the Universe! 
ü¶• LazyExplorers: discord.gg/Jpbmmzc8AP 
üîó Links: linktr.ee/lazybonesspace",978.0,4582.0,1191.0,10.0,237.0,159.0,Hyper Blackhole: 803:86:800:79,https://pbs.twimg.com/profile_banners/1385295022329827336/1633709938,https://pbs.twimg.com/profile_images/1452287421756977161/ZppEQCHM_normal.jpg
KoinDeck,KoinDeck,Unique skate deck art NFTs,koindeck.gg,0.068,2021-08-09 00:58:45+00:00,"8,888 Unique Skate Decks To Collect. Join The Skate Park. Instagram: instagram.com/koindecknft Discord: discord.gg/KoinDeck #KoinDeckNFTüõπ",112.0,1587.0,272.0,3.0,50.0,34.0,,https://pbs.twimg.com/profile_banners/1424535518369521667/1632714408,https://pbs.twimg.com/profile_images/1442335269294804993/TSp93Kx7_normal.jpg
UnitedToads,United Toads,Toad themed collectible PFP project,unitedtoads.com,0.02,2021-09-16 03:24:13+00:00,"Limited 4,999 algorithmically generated, one of a kind Toad! Welcome to the rainforest discord.gg/GVEcSCsAzW üë®‚Äçüé® @kbrushyy",377.0,2240.0,15.0,2.0,45.0,13.0,Etherum Blockchain,https://pbs.twimg.com/profile_banners/1438342893647941634/1635642750,https://pbs.twimg.com/profile_images/1443792928778903553/kU9zwG84_normal.jpg
SovereignDegens,Sovereign Degens,Unique storyline driven NFT series on Ethereum,sovereigndegens.com,0.08,2021-09-07 08:48:36+00:00,Presale: 0.06 ETH  #NFT Play-To-Earn Challenges ‚Ä¢ Community #DAO ‚Ä¢ Incoming Native Token Discord @ discord.gg/Y9ddGMWmxG,283.0,4642.0,70.0,4.0,276.0,62.0,Meta-metaverse,https://pbs.twimg.com/profile_banners/1435162987346726914/1634843440,https://pbs.twimg.com/profile_images/1451443694372933635/2tm9gvHN_normal.jpg
coochycoopanda?s=21,Coochycoo pandas,Panda avatar NFTs,coochycoopandas.co,0.07,,,,,,,,,,,
Metaciple,NFT AVATAR MAKER,Designable avatar themed NFTs,www.nftavatarmaker.com,0.0369,2013-06-08 08:47:17+00:00,"Kelvin Troy AKA MasterBuZ. 

üëÅMagus, üíÄMonster, üê™Camel, üë∫On1 and üçåEx-ape.

NFT Producer and Creator.

Want to collab? Please email Press@NFTMediaBox.com",6448.0,7375.0,5734.0,34.0,1994.0,216.0,,https://pbs.twimg.com/profile_banners/1492372046/1633469665,https://pbs.twimg.com/profile_images/1455533572283060228/20YGY-BI_normal.jpg
IXPanthers,IX Panthers,Hand drawn panther themed NFTs with plans for metaverse expansion,www.ixpanthers.com,0.065,2021-09-21 19:01:33+00:00,"A new mythology is coming to the ERC. Get ready, the awakening is near. Presale date: Mid November Discord: discord.gg/bxHHTAp34y Opensea: Coming Soon",85.0,4322.0,11.0,15.0,144.0,29.0,ERC-721,https://pbs.twimg.com/profile_banners/1440390666140274690/1634718248,https://pbs.twimg.com/profile_images/1446324545703583744/JFOi_Uh2_normal.jpg
NeandnationNFT,Neand Nation,Alternate timeline of Neanderthals,neandnationnft.com,0.08,2021-09-02 19:51:55+00:00,"An alternate timeline story that reflects the modern world of Neanderthals.

üí´Pre-Sale: Nov 16th | üöÄPublic Sale: Nov 17th | discord.gg/Tu83ekaW8Z",1097.0,6180.0,447.0,5.0,467.0,178.0,Pre-Sale: Nov 16th -  7 pm EST,https://pbs.twimg.com/profile_banners/1433517823477886976/1636480116,https://pbs.twimg.com/profile_images/1455142026152919048/1ZiBsEge_normal.jpg
rebelz_nft,The Rebelz,Rebel themed animal avatar NFTs,www.rebelznft.com,0.049,2021-09-04 13:48:20+00:00,"A collection of 10.000 #Rebelz, each more rebellious than the other.

Presale: Nov 17, 9AM EST
Public sale: Nov 17, 3PM EST

( discord.gg/rebelz )",154.0,2578.0,72.0,0.0,117.0,52.0,Rebelworld,https://pbs.twimg.com/profile_banners/1434151224396460032/1633997494,https://pbs.twimg.com/profile_images/1449467742961156100/xeYtwpLD_normal.jpg
M101_Shelter,M101 Shelter,Cool side-profile character of outer space themed NFTs,m101.space,0.06,2021-09-16 15:35:59+00:00,"M101 is generative side-profile transgalactic characters warping through spaceü™ê               
Website ‚Üí m101.space
Join Us on Discord ‚Üí discord.gg/m101",62.0,21974.0,280.0,8.0,81.0,61.0,Cape Canaveral,https://pbs.twimg.com/profile_banners/1438526852239224836/1631815545,https://pbs.twimg.com/profile_images/1441011594947858434/shbYrcar_normal.jpg
boredmafiaclub,BoredMafia Club,Mafia themed avatar NFTs,www.boredmafiaclub.com,0.069,2015-07-01 03:35:10+00:00,"5000 unique Mafias with exclusive traits ready to rock the ETH blockchain.

Website:boredmafiaclub.com",14.0,6177.0,264.0,1.0,49.0,16.0,,https://pbs.twimg.com/profile_banners/3262871281/1634987214,https://pbs.twimg.com/profile_images/1452825467392724992/m0vzVxWD_normal.jpg
CryptoGrandmaz,CryptoGrandmas,Grandmother themed avatar NFTs,www.cryptograndmas.io,0.05,2021-10-01 06:36:31+00:00,"1111 Genesis CryptoGrandmas. 

Launching 17th of November on ETH

Join the Elderly: discord.gg/6Jue4gQ8kb 
Take part shaping CryptoArt future. Vibes 12/10",290.0,3531.0,77.0,1.0,99.0,15.0,Metaverse,https://pbs.twimg.com/profile_banners/1443827069696323585/1633959423,https://pbs.twimg.com/profile_images/1447571239376146442/5vIAOdej_normal.jpg
WalkersCrypto,CryptoWalkers,3D walking character NFTs,cryptowalkers.io,0.08,2021-08-16 11:08:02+00:00,"10,000 unique Walkers. 3D animated, fully rigged, programmatically generated and ready for the Metaverse. Presale Nov 18th! Discord: discord.gg/Amxt9SCX5r",332.0,4295.0,194.0,9.0,143.0,25.0,Blockchain,https://pbs.twimg.com/profile_banners/1427225580848746496/1632561106,https://pbs.twimg.com/profile_images/1454481325595955204/IZ0L6QRy_normal.png
multversofwomen,Multiverse of Women,Female first PFP community project,multiverseofwomen.art,0.05,2008-07-13 05:51:07+00:00,"10K female collectible with Unique traits #MoWNFT #MultiverseofWomen #NFT #NFTArt #WomeninNFT
discord.gg/znBWgFkVEP",2674.0,7384.0,344.0,160.0,2347.0,205.0,ERC-721,https://pbs.twimg.com/profile_banners/15412338/1633425891,https://pbs.twimg.com/profile_images/1445319238890233856/3Y2dKr6a_normal.jpg
comrades_NFT,Confidential Comrades,Pop-art styled secret agent themed NFTs,confidentialcomrades.io,0.06,2021-09-08 23:15:17+00:00,"Secret agents with something to add to the NFT space. Currently preparing for deployment, release date Nov. 19th on IMX | Discord: discord.gg/comrades",3416.0,1978.0,173.0,5.0,344.0,139.0,Location Unknown,https://pbs.twimg.com/profile_banners/1435743524788391949/1632719546,https://pbs.twimg.com/profile_images/1456351589602521120/DtEgCv0R_normal.jpg
getdogebillions,The Billionaire Doge Club,Rich themed dog avatar NFTs.,thebillionairedogeclub.com,0.0,2021-08-22 21:42:36+00:00,Official Launch Date:November 19 @7pm CST. Discord: discord.gg/bdc,276.0,24150.0,95.0,10.0,180.0,40.0,The Moon,https://pbs.twimg.com/profile_banners/1429559564194783242/1635195977,https://pbs.twimg.com/profile_images/1455348245568184322/1Psg2ObQ_normal.jpg
DRIPPYZOMBIES,Drippyzombies,Zombie themed NFTs with claimable physical items,www.drippyzombies.com,0.08,2021-08-21 17:47:39+00:00,"DRIPPY ZOMBIES is a collection of 8,000 unique zombie NFT collectibles. 

discord.gg/drippyzombies",750.0,10404.0,639.0,4.0,104.0,33.0,,https://pbs.twimg.com/profile_banners/1429137308712845325/1632511209,https://pbs.twimg.com/profile_images/1441414436057718784/4FGTyxE0_normal.jpg
LookAtMyRaccoon,Look At My Raccoon,Racoon themed avatar NFTs on Ethereum,lookatmyraccoon.com,0.06,2021-03-24 12:47:41+00:00,"Look at my Raccoon is a collection of 10,000 Racoons programmatically generated with python and stored as an ERC721 token on the Ethereum blockchain.",503.0,2913.0,161.0,5.0,230.0,80.0,,https://pbs.twimg.com/profile_banners/1374704448489062404/1630265387,https://pbs.twimg.com/profile_images/1456945262589534211/7G-MWqUw_normal.jpg
AshesOfLightNFT,Ashes Of Light,A unique hand drawn story based NFT collection,ashes-of-light.art,0.08,2021-10-04 12:41:56+00:00,"Join the dark world of Ashes Of Light | Solve the mysteries | Fight X Earn 
Discord : discord.ashes-of-light.art",403.0,2448.0,150.0,0.0,238.0,47.0,MetaVerse,https://pbs.twimg.com/profile_banners/1445006227235344388/1635507636,https://pbs.twimg.com/profile_images/1452308590061047810/Q0ZpWAkA_normal.jpg
bulltangclan,BullTangClan,Bull and cow avatar NFTs,www.bulltangclan.com,0.04,2021-06-29 21:39:32+00:00,Exclusive Clan of 8888 Bulls and Cows hanging around the Ethereum blockchain #NFT #NFTcommunity üêÑüêÇ. discord.gg/6wHjSY7rQ5,1439.0,2632.0,387.0,7.0,369.0,41.0,Blockchain,https://pbs.twimg.com/profile_banners/1409989874887897088/1633740952,https://pbs.twimg.com/profile_images/1456972511082598405/yZVPd1tI_normal.jpg
LegionOfWitches,Legion of Witches,Hand-drawn witch themed avatar NFTs,legionofwitches.io,0.03,2021-09-25 12:39:16+00:00,"10,000 unique Witches of pop culture, anime, witchcraft & magic games. #NFTs 
Launch: 21st Nov 2021, 11pm UTC
Discord: discord.gg/legionofwitches",78.0,10960.0,1768.0,4.0,52.0,15.0,Legion Metaverse,https://pbs.twimg.com/profile_banners/1441744037409476609/1634207581,https://pbs.twimg.com/profile_images/1441748872418652167/0h4CprBD_normal.jpg
Ravebunnies_NFT,Rave Bunnies,Bunny themed NFTs with plans for P2E and music festival events,www.ravebunnies.com,0.073,2013-01-29 20:06:33+00:00,"10,000 Unique Upgradable NFT Avatars for our next Game and Music Festival.
Pre-sale (whitelisted): 22 Nov
Public Sale: 26 Nov
Discord: discord.gg/4AedFUPcn4",2921.0,3584.0,40.0,3.0,184.0,118.0,chicago,https://pbs.twimg.com/profile_banners/1131997494/1635845966,https://pbs.twimg.com/profile_images/1455471677513605125/ATQ1bbdg_normal.jpg
MonstersShelter,Monster Shelter,Animated homeless themed monster NFTs,monstershelter.io,0.05,2021-09-13 16:54:00+00:00,"Animated collection of 9,999 homeless monstersüëæ Price: 0,05 Œû 
Pre-sale November 24th üçÇ White list OPENüî• Join our Discord ‚Üí discord.gg/monster-shelter",1124.0,3073.0,187.0,5.0,251.0,108.0,Ethereum blockchain,https://pbs.twimg.com/profile_banners/1437459338470334468/1631814471,https://pbs.twimg.com/profile_images/1441437962806304786/g8-Z9tXE_normal.jpg
3x3punks,3x3Punks,Lego themed Punk NFTs,3x3punks.com,0.033,2021-09-02 01:50:47+00:00,"3D, Lego, Punks. 11,111 unique.
Build with blocks on the block.
Discord: discord.gg/wXfHyWy2F7",411.0,1136.0,231.0,3.0,349.0,270.0,block.,https://pbs.twimg.com/profile_banners/1433245454003736579/1633283167,https://pbs.twimg.com/profile_images/1452378908389691394/N-korTSq_normal.jpg
wildapegangnft,The Wild Ape Gang,"A Collections of 10,000 generative Apes NFTs",wildapegang.com,0.08,2021-10-21 09:14:45+00:00,"10,000 Unique Apes Swinging Through Trees In The Metaverse
Join #THEWILDAPEGANG
Original 180+ Hand-Drawn Traits #NFT
Website : wildapegang.com",3.0,10553.0,94.0,3.0,44.0,32.0,,https://pbs.twimg.com/profile_banners/1451114658761297923/1635001088,https://pbs.twimg.com/profile_images/1451114750243340290/UjIq7wb2_normal.jpg
TigerCubClub,Tiger Cub Club,Tiger themed NFTs on Ethereum,thetigercubclub.com,0.04,2021-09-22 13:46:54+00:00,"6600 unique Tiger Cub NFTs will be released in the Jungle Metaverse with special utility and community functions.
 | Discord: discord.gg/bh8d4SQYQc",44.0,2431.0,3106.0,1.0,37.0,18.0,Jungle,https://pbs.twimg.com/profile_banners/1440673906478575626/1635113960,https://pbs.twimg.com/profile_images/1447697823231840256/EOG4lmJM_normal.jpg
Calaveras211,Calaveras 211,Animated skull NFTs,calaveras211.io,0.07,2021-09-23 16:15:14+00:00,"üíÄ 10,000 super detailed animated Calaveras

üéÆ Will be used for an upcoming blockchain game!

üëâ Join discord.gg/calaveras211

for promo: @raritythings",161.0,4591.0,143.0,2.0,63.0,29.0,,https://pbs.twimg.com/profile_banners/1441073624526426120/1635326994,https://pbs.twimg.com/profile_images/1450429894995890180/4YS_3bsC_normal.jpg
ProjectGaiaNFT,Project GAIA Cyborgs,Cyborg themed avatar NFTs,www.project-gaia.io,0.0234,2021-09-30 22:51:03+00:00,"Project GAIA Cyborgs are 8765 randomly generated #NFTs. Join our Discord to get yourself spot in the whitelist!

Discord: discord.gg/projectgaia",156.0,6054.0,260.0,5.0,230.0,76.0,Earth,https://pbs.twimg.com/profile_banners/1443709919014883330/1633941715,https://pbs.twimg.com/profile_images/1447669967353167875/4eDJ6qIW_normal.jpg
kingdomdwarves,Kingdom of Dwarves,Fantasy themed dwarf NFTs,www.kingdomofdwarves.io,0.0,2021-10-10 15:53:05+00:00,"A distinct collection of 6,000 cinematic-quality dwarves minting on 11/30. Created with love by Emmy award-winning 3D artists. kingdomofdwarves.io/discord",300.0,7998.0,406.0,0.0,2058.0,284.0,,https://pbs.twimg.com/profile_banners/1447228652035268612/1634608798,https://pbs.twimg.com/profile_images/1458165212687699969/SfLCtNer_normal.jpg
CCrewNFT,Coalition Crew,NFT collection with membership benefits component,ccrewnft.com,0.09,2021-10-09 03:00:56+00:00,"7100 hand drawn, unique üêÜ NFTs | Holders receive access to @PeterVoogd23‚Äôs @Forbes promoted Game Changers Academy, Live events + more | Pre Sale Dec 4 ü§ç",1254.0,3003.0,385.0,2.0,305.0,9.0,,https://pbs.twimg.com/profile_banners/1446671932242292738/1636338880,https://pbs.twimg.com/profile_images/1452027130720624644/RVuoYGpz_normal.jpg
wolveskaters,Wolveskaters,7000 wild NFT Wolveskaters,wolveskaters.io,0.045,2021-09-25 10:12:27+00:00,7000 wild NFT Wolveskaters are hand-drawn to the deafening sounds of punk rock. Discord: discord.gg/2MejBzpAkT Drop date november,275.0,3071.0,929.0,3.0,96.0,29.0,"New York, USA",https://pbs.twimg.com/profile_banners/1441707092432154627/1632823829,https://pbs.twimg.com/profile_images/1441755208640516100/AqhgAPdx_normal.jpg
vibeheads,Vibeheads,Animated handcrafted 3D themed avatar NFTs,www.vibeheads.club,0.08,2021-05-03 19:03:53+00:00,"A Community that will Vibe together for Years ‚ù§Ô∏è 

Pre-sale : 11th NOV, 11 am UTC

Discord: discord.gg/vibeheads
Opensea: bit.ly/3oeE4SX",3732.0,2852.0,17.0,0.0,497.0,115.0,,https://pbs.twimg.com/profile_banners/1389294609470164997/1634070879,https://pbs.twimg.com/profile_images/1447862307774558223/CInx42w0_normal.jpg
